,RMSE,train time(s),exec time(s)
w/o Constraint,0.8036993430910471,0.2642946243286133,14.285892248153687
Post-Single-1,4.699165956844706,0.26263054211934406,48.984400510787964
Post-Single-2,4.699165956844706,0.2546525796254476,16.857391834259033
Post-Single-3,0.8389188603754039,0.25698479016621906,31.852389176686604
Inter-Single-1,3.9437595397206646,254.9055339495341,9.826252222061157
Inter-Single-2,2.917776429023384,273.18191345532733,18.86075750986735
Inter-Single-3,0.8273979310684251,339.7311069170634,20.776175498962402
