,RMSE,train time(s),exec time(s)
w/o Constraint,0.7707426668304809,0.2732963562011719,14.870160579681396
Post-Single-1,0.8064826363063325,0.08834282557169597,16.762537240982056
Post-Single-2,0.8103881016749224,0.08443109194437663,5.9057542483011884
Post-Single-3,0.8061883460149426,0.0857704480489095,9.389020363489786
