calories,total fat,sugar,sodium,protein,saturated fat,carbohydrates
1333.3333333333333,66.66666666666666,66.66666666666666,66.66666666666666,66.66666666666666,66.66666666666666,66.66666666666666
1600.0,66.66666666666666,66.66666666666666,66.66666666666666,66.66666666666666,66.66666666666666,66.66666666666666
1866.6666666666665,66.66666666666666,66.66666666666666,66.66666666666666,66.66666666666666,66.66666666666666,66.66666666666666
